Variable,Var Moy A1,Var SD A1,Var Moy KNN,Var SD KNN,Var Moy MICE,Var SD MICE
age,73.2244787010207,1.157085803187324,1.0013758691386723,0.016838979342705982,73.26694084719068,1.2941687646064173
cigarettes_par_jour,142.99720986982362,4.11324188479939,0.9952953875810057,0.030885449601009054,143.18708001267328,4.505826685033133
cholesterol_total,1931.13101196039,63.679923440699646,0.9916600631638404,0.035811046134656264,1932.344261175439,61.96603496170212
tension_systolique,483.7372166886383,17.33373301766384,1.0011686424696007,0.03573906160777698,484.8453651261519,17.12517140509377
tension_diastolique,140.71901911008433,4.181131818597596,1.000965517149199,0.03017956177408761,140.72159563830806,4.281685835297347
imc,16.94451277565671,0.644341461960706,1.0014432086967016,0.037475973729027015,16.983405392801252,0.6309702491319794
frequence_cardiaque,144.19427120804727,4.159144944590495,0.9977258331782601,0.03128058358961598,144.58393225314057,4.299482388967079
glucose,527.1339496388823,73.59587632603393,0.9176646193730353,0.12335362766829198,534.1222711556364,73.40517568917453
