metric,point_estimate,ci2.5,ci97.5
accuracy,0.6674528301886793,0.6356132075471698,0.6969339622641509
recall_1,0.6046511627906976,0.5169222491256389,0.6881012893627572
precision_1,0.2524271844660194,0.20369444444444443,0.3033392857142857
f1_1,0.3561643835616438,0.296966572140586,0.41291031549096063
auc_roc,0.6973833166219232,0.6517776115529802,0.7410158397160073
auc_pr,0.2898857169836835,0.22732866914100502,0.37416001271382177
brier,0.12222962977885407,0.10689494489550469,0.1377738394702076
