Variable,Var Moy A1,Var SD A1,Var Moy KNN,Var SD KNN,Var Moy MICE,Var SD MICE
age,73.32738601909138,1.2083056611624614,1.000083584897848,0.01841001599494226,73.32983561490067,1.3755942662330625
cigarettes_par_jour,143.06436092272082,4.079531261867508,0.9928607837042732,0.025898264688992905,143.22824553071044,3.7603843681442624
cholesterol_total,1936.4558727064677,71.83961813608998,0.9951751957729885,0.036405549507320334,1925.8712351624656,66.51363832170239
tension_systolique,480.5853800574961,16.71834398651688,1.0030295065934212,0.03608303391972187,485.7830831705041,17.394836207660187
tension_diastolique,141.3038749380009,3.8411272166340367,0.9968249695635275,0.029096617286524958,140.7460670215844,4.386183006179241
imc,16.971445921439077,0.6529552540810711,0.9947476548661407,0.03476928978604392,16.93152859448993,0.6510290296654581
frequence_cardiaque,144.47824092158962,4.474561178168924,1.0004573475575576,0.03132151889992141,144.17001449285465,4.086768807294292
glucose,527.0461652726656,71.6764950379798,0.9341271916169464,0.13106350721053636,539.6421333460453,70.42953345026143
