Méthode,AUC,F1-score
Imputation Simple,0.6995288460501774,0.12244897959183673
KNN,0.6990652391887959,0.12244897959183673
MICE,0.6973833166219232,0.12244897959183673
